,0,1,2,3,4,5,6,7,8,9,10,11,12,13,14,15,16,17
0,15.0,1.8,0.78,0.26,6.6,15.0,22.0,21.0,11.0,19.0,0.0,66.0,5.1,2.1,124.0,232.0,0.6,0.5
1,17.0,1.8,0.79,0.31,17.0,26.0,43.0,17.0,37.0,11.0,0.0,55.0,3.3,2.1,50.0,216.0,1.0,0.7
2,19.0,1.8,0.89,0.44,22.0,24.0,46.0,5.2,12.0,4.0,0.8,91.0,2.3,2.2,53.0,69.0,0.6,0.4
3,18.0,1.8,0.43,0.1,1.6,8.0,9.7,41.0,55.0,48.0,0.0,66.0,2.9,1.9,78.0,69.0,2.6,1.1
4,14.0,1.8,0.6,0.13,1.8,13.0,14.0,32.0,83.0,66.0,0.0,59.0,3.4,2.0,69.0,76.0,1.6,0.7
5,16.0,1.9,1.35,0.53,20.0,36.0,57.0,9.4,45.0,40.0,0.0,58.0,5.6,2.4,102.0,93.0,0.8,0.4
6,16.0,1.8,0.97,0.37,20.0,23.0,43.0,18.0,40.0,33.0,0.0,64.0,6.0,2.2,66.0,36.0,0.8,1.0
7,18.0,1.8,1.27,0.52,28.0,34.0,63.0,11.0,49.0,43.0,0.0,63.0,7.3,2.3,74.0,63.0,1.0,0.4
8,13.0,1.8,0.39,0.07,1.4,5.7,7.1,34.0,21.0,23.0,0.0,70.0,1.6,1.8,62.0,72.0,3.7,3.6
9,14.0,1.8,0.41,0.14,4.2,12.0,16.0,14.0,6.0,7.0,0.0,71.0,1.1,1.9,73.0,67.0,2.0,0.8
10,15.0,1.8,0.95,0.41,26.0,24.0,50.0,6.3,18.0,7.0,0.0,73.0,2.9,2.2,20.0,345.0,0.6,0.4
11,15.0,1.8,0.59,0.19,12.0,18.0,30.0,12.0,31.0,34.0,0.0,74.0,1.5,2.0,42.0,41.0,1.6,0.6
12,14.0,1.8,0.39,0.08,1.2,7.5,8.7,30.0,26.0,2.0,0.0,79.0,0.9,1.9,76.0,67.0,2.3,1.1
13,14.0,1.8,0.26,0.05,1.3,4.5,5.8,37.0,38.0,23.0,0.0,77.0,5.6,1.8,59.0,55.0,4.2,3.9
14,12.0,1.7,0.2,0.04,1.2,3.3,4.5,38.0,41.0,9.0,0.0,54.0,0.8,1.8,58.0,51.0,2.5,2.8
15,13.0,1.8,0.64,0.28,16.0,21.0,36.0,11.0,27.0,15.0,0.0,57.0,3.1,2.0,52.0,82.0,1.6,1.2
16,15.0,1.8,2.61,0.55,22.0,30.0,52.0,11.0,22.0,2.0,0.0,61.0,5.6,2.4,82.0,49.0,0.8,0.3
17,13.0,1.7,0.21,0.05,1.7,3.6,5.2,38.0,20.0,19.0,0.0,55.0,1.4,1.8,58.0,73.0,2.2,2.0
18,12.0,1.8,0.8,0.33,13.0,25.0,38.0,11.0,18.0,11.0,0.0,47.0,4.4,2.1,286.0,270.0,0.7,0.5
19,12.0,1.8,0.71,0.17,4.2,15.0,20.0,25.0,94.0,55.0,0.0,77.0,3.3,2.0,80.0,49.0,1.5,1.1
20,16.0,1.8,0.76,0.22,4.2,16.0,20.0,28.0,18.0,33.0,0.0,56.0,1.6,2.0,90.0,47.0,0.6,0.4
21,21.0,1.7,0.43,0.13,3.0,12.0,15.0,30.0,26.0,23.0,0.0,52.0,2.2,1.8,54.0,53.0,1.6,1.1
22,21.0,1.7,0.44,0.09,6.1,10.0,16.0,17.0,22.0,23.0,0.0,79.0,5.5,1.8,22.0,323.0,1.3,0.6
23,16.0,1.7,0.35,0.04,1.1,3.4,4.6,36.0,15.0,7.0,0.0,74.0,1.1,1.8,74.0,103.0,2.9,1.8
24,16.0,1.8,0.55,0.17,6.9,16.0,23.0,11.0,20.0,2.0,0.0,92.0,3.1,2.0,299.0,282.0,0.9,0.8
25,18.0,1.7,0.29,0.09,2.6,8.2,11.0,18.0,12.0,11.0,0.0,89.0,1.7,1.8,70.0,102.0,1.7,0.7
26,18.0,1.8,0.44,0.18,12.0,19.0,31.0,8.3,57.0,20.0,0.0,97.0,2.6,2.0,65.0,80.0,1.3,1.1
27,15.0,1.8,0.31,0.08,3.9,7.6,12.0,14.0,13.0,7.0,0.0,84.0,1.1,1.8,75.0,75.0,2.0,1.7
28,14.0,1.8,0.4,0.08,2.3,11.0,13.0,18.0,1.0,7.0,0.6,91.0,2.1,1.9,308.0,327.0,1.5,1.2
29,9.1,1.8,0.35,0.06,1.6,4.4,6.0,30.0,3.0,4.0,0.0,83.0,1.0,1.8,55.0,67.0,3.1,3.3
30,6.9,1.8,0.31,0.08,1.6,7.2,8.9,26.0,25.0,17.0,0.0,82.0,1.4,1.8,78.0,283.0,2.6,0.7
31,11.0,1.8,0.35,0.07,2.2,5.3,7.6,24.0,10.0,6.0,0.0,74.0,1.3,1.8,72.0,87.0,2.5,1.2
32,13.0,1.8,0.37,0.15,2.4,12.0,15.0,21.0,2.0,4.0,0.6,88.0,1.3,1.9,29.0,54.0,1.8,0.7
33,10.0,1.8,0.3,0.09,1.2,7.3,8.5,28.0,2.0,4.0,0.0,86.0,1.4,1.8,83.0,78.0,2.1,1.3
34,11.0,1.8,0.36,0.09,1.7,11.0,13.0,22.0,6.0,8.0,0.0,81.0,0.8,1.9,53.0,57.0,1.1,0.7
35,16.0,1.8,0.59,0.16,6.5,16.0,22.0,13.0,33.0,21.0,0.0,82.0,5.3,1.9,315.0,315.0,1.8,0.4
36,18.0,1.8,0.89,0.27,12.0,20.0,32.0,14.0,35.0,13.0,0.0,78.0,1.9,2.0,66.0,102.0,0.7,0.8
37,20.0,1.8,0.98,0.56,15.0,23.0,39.0,13.0,42.0,11.0,0.0,78.0,3.5,2.3,236.0,231.0,2.5,0.6
38,12.0,1.8,0.35,0.11,1.5,8.9,10.0,24.0,14.0,10.0,0.0,84.0,0.8,1.9,67.0,74.0,2.6,1.4
39,11.0,1.7,0.33,0.09,3.5,7.7,11.0,31.0,25.0,16.0,0.0,68.0,1.4,1.8,14.0,295.0,2.9,0.3
40,21.0,1.8,0.93,0.44,7.9,29.0,37.0,17.0,60.0,18.0,0.0,70.0,5.0,2.2,211.0,215.0,0.9,1.1
41,16.0,1.7,0.34,0.06,1.4,5.6,7.0,29.0,0.0,2.0,0.0,83.0,1.3,1.8,72.0,106.0,3.4,2.0
42,14.0,1.8,0.34,0.07,1.7,9.4,11.0,35.0,20.0,10.0,0.0,84.0,1.3,1.8,71.0,79.0,3.5,1.7
43,16.0,1.8,0.5,0.16,6.7,25.0,32.0,10.0,64.0,37.0,0.0,88.0,3.0,2.0,330.0,5.6,0.7,0.7
44,15.0,1.8,0.37,0.07,2.3,5.5,7.8,29.0,0.0,6.0,0.0,81.0,1.0,1.8,64.0,64.0,3.0,2.1
45,15.0,1.8,0.5,0.18,2.5,15.0,18.0,17.0,15.0,8.0,0.0,78.0,1.5,1.9,314.0,310.0,1.5,0.4
46,14.0,1.7,0.29,0.12,3.1,8.9,12.0,25.0,7.0,0.0,0.2,85.0,1.4,1.9,352.0,314.0,2.0,0.4
47,16.0,1.9,0.58,0.25,9.6,23.0,33.0,6.1,49.0,8.0,0.0,88.0,2.8,2.1,320.0,337.0,1.0,1.1
48,12.0,1.8,0.28,0.04,1.0,6.0,6.9,39.0,9.0,0.0,0.0,85.0,1.4,1.8,77.0,70.0,3.1,1.6
49,16.0,1.9,0.96,0.45,23.0,21.0,43.0,3.8,32.0,24.0,0.0,88.0,3.5,2.3,224.0,231.0,1.4,1.5
50,18.0,1.9,1.15,0.44,12.0,28.0,41.0,12.0,47.0,26.0,0.0,81.0,3.9,2.3,264.0,307.0,1.6,1.2
51,17.0,2.0,1.21,0.58,31.0,27.0,58.0,1.8,105.0,57.0,0.0,94.0,4.2,2.6,341.0,12.0,0.9,0.7
52,-11.2,1.8,0.49,0.16,3.2,17.0,20.0,21.0,30.0,7.0,2.6,96.0,3.6,1.9,306.0,305.0,3.3,1.6
53,15.0,1.8,0.48,0.07,1.3,5.2,6.6,45.0,73.0,48.0,0.0,55.0,2.2,1.9,57.0,56.0,3.1,3.1
54,18.0,1.9,1.17,0.47,7.6,32.0,39.0,28.0,136.0,76.0,0.0,66.0,5.9,2.4,216.0,225.0,3.0,1.7
55,17.0,1.9,1.06,0.38,7.4,30.0,37.0,9.5,85.0,56.0,0.4,72.0,5.8,2.3,224.0,303.0,1.0,0.8
56,20.0,1.8,1.05,0.31,16.0,28.0,44.0,22.0,75.0,34.0,0.0,67.0,6.5,2.1,286.0,245.0,1.3,0.2
57,21.0,1.8,1.14,0.41,17.0,29.0,45.0,13.0,53.0,13.0,0.0,71.0,2.5,2.2,357.0,275.0,1.0,0.4
58,24.0,1.9,1.47,0.56,12.0,32.0,44.0,13.0,93.0,51.0,0.0,71.0,4.1,2.4,280.0,339.0,1.0,0.6
59,24.0,1.7,0.49,0.2,3.3,15.0,18.0,19.0,74.0,46.0,0.0,65.0,2.8,1.9,68.0,58.0,1.7,0.9
60,19.0,1.7,0.4,0.06,0.9,7.1,8.0,38.0,17.0,5.0,0.0,88.0,1.6,1.7,45.0,75.0,1.9,0.8
61,20.0,1.7,0.44,0.11,4.1,11.0,16.0,23.0,15.0,1.0,0.0,73.0,2.1,1.8,299.0,308.0,1.9,1.0
62,20.0,1.7,0.56,0.21,3.2,17.0,20.0,19.0,41.0,27.0,0.0,82.0,2.0,1.9,141.0,192.0,1.6,0.9
63,20.0,1.7,0.33,0.07,1.1,7.7,8.8,40.0,31.0,19.0,0.0,58.0,1.2,1.7,87.0,81.0,2.3,0.9
64,21.0,1.7,0.56,0.15,3.6,12.0,16.0,46.0,67.0,54.0,0.0,70.0,2.9,1.8,327.0,323.0,1.3,0.6
65,21.0,1.8,0.6,0.18,3.6,17.0,21.0,32.0,44.0,29.0,0.0,62.0,2.1,1.9,212.0,209.0,2.9,1.3
66,18.0,1.6,0.37,0.06,1.3,6.8,8.0,53.0,57.0,45.0,1.6,84.0,1.0,1.7,72.0,63.0,2.5,2.6
67,22.0,1.7,0.72,0.21,11.0,21.0,32.0,12.0,10.0,13.0,0.0,80.0,1.9,1.9,2.7,339.0,0.8,0.3
68,24.0,1.7,0.5,0.2,5.7,16.0,22.0,30.0,55.0,28.0,0.0,69.0,3.2,1.9,315.0,311.0,2.8,1.3
69,24.0,1.7,0.44,0.16,15.0,20.0,35.0,14.0,35.0,12.0,0.0,62.0,9.1,1.8,310.0,315.0,2.3,1.7
70,22.0,1.8,0.52,0.19,5.8,20.0,26.0,30.0,80.0,54.0,0.0,79.0,4.4,2.0,306.0,295.0,1.6,1.1
71,26.0,1.7,0.6,0.22,2.8,15.0,18.0,53.0,47.0,40.0,0.0,47.0,2.3,1.9,223.0,212.0,2.9,2.2
72,26.0,1.6,0.42,0.11,2.9,10.0,13.0,39.0,71.0,36.0,0.0,59.0,4.8,1.7,200.0,205.0,4.9,4.0
73,22.0,1.6,0.32,0.1,1.7,10.0,12.0,27.0,27.0,21.0,0.0,71.0,1.5,1.7,67.0,319.0,2.6,0.7
74,22.0,1.7,0.52,0.22,6.7,21.0,27.0,22.0,41.0,35.0,0.0,65.0,6.1,1.9,285.0,294.0,2.1,1.2
75,22.0,1.8,0.45,0.12,2.9,14.0,17.0,45.0,102.0,32.0,0.0,79.0,3.0,1.9,293.0,229.0,1.5,1.0
76,25.0,1.7,0.38,0.25,2.2,11.0,13.0,48.0,48.0,14.0,0.0,67.0,3.1,2.0,203.0,218.0,3.1,2.9
77,25.0,1.7,0.38,0.13,2.0,9.1,11.0,39.0,48.0,28.0,0.0,67.0,3.0,1.8,179.0,159.0,1.6,1.4
78,24.0,1.7,0.45,0.13,3.2,12.0,15.0,15.0,71.0,31.0,0.0,81.0,2.5,1.9,337.0,328.0,1.1,0.4
79,26.0,1.7,0.44,0.09,2.4,9.8,12.0,36.0,52.0,30.0,0.0,63.0,3.7,1.8,306.0,302.0,1.6,0.6
80,22.0,1.8,0.69,0.26,2.9,19.0,22.0,25.0,52.0,19.0,0.2,89.0,2.0,2.1,336.0,271.0,1.3,0.3
81,24.0,1.7,0.43,0.1,2.7,8.8,12.0,30.0,28.0,0.0,0.0,73.0,1.8,1.8,338.0,318.0,2.2,0.9
82,25.0,1.7,0.51,0.24,4.0,13.0,17.0,26.0,45.0,2.0,0.0,74.0,3.4,1.9,320.0,313.0,2.0,0.8
83,24.0,1.8,0.52,0.18,4.3,14.0,18.0,30.0,24.0,12.0,0.0,81.0,2.3,2.0,243.0,209.0,1.9,1.7
84,20.0,1.7,0.34,0.08,1.8,8.1,9.8,39.0,7.0,-1.0,0.0,87.0,1.6,1.8,82.0,78.0,2.3,0.5
85,18.0,1.7,0.35,0.1,2.0,12.0,14.0,26.0,10.0,5.0,0.2,85.0,1.5,1.8,74.0,97.0,1.0,1.2
86,23.0,1.7,0.59,0.22,4.0,12.0,16.0,21.0,25.0,-1.0,0.0,85.0,2.0,1.9,216.0,226.0,2.0,0.8
87,24.0,1.7,0.32,0.05,2.0,7.1,9.2,25.0,33.0,8.0,0.0,77.0,2.2,1.7,78.0,158.0,0.8,1.3
88,23.0,1.9,0.67,0.31,8.2,22.0,30.0,12.0,25.0,44.0,0.0,94.0,3.0,2.2,315.0,319.0,2.1,1.6
89,26.0,1.7,0.59,0.23,4.2,15.0,19.0,24.0,36.0,14.0,0.0,74.0,4.2,2.0,214.0,204.0,2.2,1.8
90,30.0,1.6,0.28,0.09,2.2,8.1,10.0,34.0,36.0,2.0,0.0,47.0,2.1,1.7,196.0,205.0,3.0,2.8
91,30.0,1.6,0.18,0.16,2.5,5.3,7.8,25.0,32.0,0.0,0.0,53.0,1.4,1.8,192.0,202.0,5.8,4.6
92,28.0,1.6,0.5,0.27,7.9,10.0,18.0,13.0,26.0,0.0,0.0,73.0,3.2,1.9,201.0,205.0,2.3,2.3
93,29.0,1.6,0.2,0.14,3.4,4.6,8.0,18.0,15.0,15.0,0.0,61.0,2.9,1.7,189.0,199.0,4.6,4.4
94,29.0,1.6,0.21,0.12,3.8,5.5,9.3,17.0,42.0,6.0,0.0,65.0,3.7,1.7,189.0,185.0,4.5,4.5
95,27.0,1.6,0.26,0.05,3.3,5.8,9.0,20.0,12.0,15.0,0.0,84.0,3.0,1.7,170.0,176.0,2.9,2.4
96,29.0,1.7,0.43,0.19,5.2,9.2,14.0,23.0,57.0,7.0,0.0,68.0,4.2,1.8,208.0,205.0,3.9,3.0
97,28.0,1.6,0.32,0.11,3.7,6.5,10.0,16.0,1.0,12.0,0.0,72.0,3.2,1.7,198.0,198.0,4.1,3.9
98,27.0,1.8,0.84,0.52,12.0,20.0,32.0,7.7,55.0,3.0,0.0,76.0,4.8,2.3,207.0,199.0,3.5,2.6
99,28.0,1.6,0.15,0.01,2.4,4.3,6.7,21.0,55.0,4.0,0.0,67.0,1.7,1.6,175.0,171.0,5.4,4.4
100,28.0,1.7,0.56,0.29,4.0,13.0,16.0,31.0,51.0,28.0,0.0,76.0,5.1,2.0,209.0,232.0,2.8,2.7
101,29.0,1.6,0.2,0.04,2.2,3.3,5.5,22.0,7.0,6.0,0.0,64.0,2.1,1.6,186.0,188.0,3.5,4.1
102,28.0,1.6,0.2,0.03,2.9,5.6,8.5,17.0,47.0,12.0,0.0,71.0,3.1,1.6,175.0,190.0,2.4,2.4
103,27.0,1.7,0.56,0.35,3.6,13.0,16.0,29.0,27.0,14.0,0.0,80.0,3.7,2.0,208.0,204.0,3.2,2.0
104,28.0,1.6,0.28,0.08,2.4,5.8,8.3,44.0,15.0,11.0,0.0,70.0,2.9,1.7,186.0,192.0,3.8,4.1
105,25.0,1.6,0.24,0.06,2.2,7.3,9.5,19.0,2.0,2.0,0.6,85.0,2.9,1.6,116.0,123.0,4.3,2.9
106,28.0,1.6,0.7,0.33,7.2,14.0,21.0,22.0,34.0,2.0,0.0,75.0,3.9,2.0,201.0,190.0,2.1,1.6
107,27.0,1.6,0.18,0.05,1.8,4.1,5.9,19.0,23.0,2.0,0.0,82.0,3.0,1.6,26.0,332.0,1.1,0.5
108,29.0,1.6,0.28,0.07,1.6,5.4,7.0,30.0,19.0,0.0,0.0,71.0,2.2,1.7,330.0,318.0,1.4,0.7
109,26.0,1.6,0.24,0.09,1.9,7.3,9.3,20.0,15.0,6.0,0.0,83.0,2.8,1.7,66.0,334.0,1.9,1.1
110,27.0,1.6,0.18,0.09,2.5,4.8,7.3,32.0,31.0,11.0,0.0,78.0,2.5,1.7,309.0,302.0,3.2,1.0
111,30.0,1.7,0.34,0.2,4.3,7.6,12.0,24.0,33.0,4.0,0.0,67.0,3.0,1.8,317.0,310.0,2.8,1.6
112,30.0,1.7,0.46,0.17,1.8,16.0,18.0,52.0,65.0,28.0,0.0,68.0,5.3,1.9,307.0,346.0,1.6,1.3
113,28.0,1.7,0.5,0.24,4.6,11.0,16.0,20.0,27.0,0.0,0.0,82.0,4.4,2.0,303.0,263.0,1.4,0.6
114,27.0,1.7,0.46,0.08,3.3,11.0,14.0,20.0,80.0,50.0,0.0,93.0,5.5,1.8,339.0,30.0,1.5,0.7
115,30.0,1.6,0.49,0.22,3.3,10.0,13.0,28.0,23.0,16.0,0.0,68.0,2.6,1.9,207.0,195.0,3.4,2.1
116,27.0,1.6,0.18,0.03,2.0,3.0,5.0,23.0,70.0,3.0,1.0,84.0,2.6,1.6,176.0,177.0,4.5,4.1
117,29.0,1.6,0.39,0.28,2.6,7.7,10.0,21.0,6.0,21.0,0.0,76.0,4.0,1.9,199.0,200.0,4.0,4.6
118,30.0,1.6,0.48,0.28,4.4,11.0,15.0,24.0,43.0,16.0,0.0,69.0,5.6,1.9,207.0,222.0,4.1,3.6
119,30.0,1.6,0.46,0.38,3.9,11.0,15.0,29.0,42.0,17.0,0.0,72.0,5.2,2.0,200.0,192.0,3.9,3.6
120,30.0,1.6,0.35,0.34,3.1,8.2,11.0,29.0,38.0,14.0,0.0,76.0,5.0,1.9,198.0,195.0,4.2,3.9
121,30.0,1.6,0.39,0.35,4.2,9.0,13.0,29.0,20.0,10.0,0.0,66.0,4.3,1.9,199.0,206.0,3.7,3.7
122,31.0,1.6,0.3,0.25,4.0,8.0,12.0,23.0,42.0,15.0,0.0,67.0,4.5,1.8,201.0,200.0,3.8,3.3
123,30.0,1.6,0.38,0.35,3.8,11.0,14.0,31.0,51.0,41.0,0.0,73.0,4.2,2.0,207.0,186.0,1.6,2.0
124,28.0,1.6,0.64,0.26,5.9,17.0,23.0,16.0,67.0,30.0,0.0,79.0,5.4,1.9,356.0,330.0,1.0,0.4
125,31.0,1.6,0.29,0.08,1.2,5.8,7.0,43.0,40.0,26.0,0.0,62.0,1.8,1.7,205.0,319.0,1.1,1.0
126,30.0,1.6,0.21,0.1,2.8,5.6,8.4,35.0,44.0,22.0,0.0,66.0,1.3,1.7,51.0,82.0,1.9,0.5
127,28.0,1.6,0.21,0.08,2.8,6.1,8.9,21.0,28.0,7.0,0.6,85.0,1.2,1.7,121.0,257.0,3.5,0.3
128,30.0,1.6,0.23,0.07,2.7,3.2,6.0,34.0,40.0,21.0,0.0,69.0,0.6,1.6,182.0,189.0,3.9,4.5
129,30.0,1.6,0.31,0.33,4.9,8.5,13.0,19.0,28.0,10.0,0.0,75.0,2.3,1.9,203.0,202.0,4.1,3.7
130,30.0,1.6,0.37,0.33,2.8,9.5,12.0,29.0,26.0,5.0,0.0,70.0,3.3,1.9,195.0,198.0,3.5,3.3
131,30.0,1.6,0.33,0.3,2.6,6.0,8.6,27.0,20.0,13.0,0.0,71.0,2.2,1.9,200.0,196.0,4.4,3.7
132,31.0,1.6,0.28,0.1,3.3,5.1,8.4,27.0,4.0,11.0,0.0,60.0,2.2,1.7,198.0,192.0,4.3,4.2
133,30.0,1.6,0.32,0.53,2.9,7.1,10.0,24.0,17.0,12.0,0.0,69.0,1.9,2.1,202.0,205.0,5.6,4.4
134,30.0,1.6,0.32,0.4,4.1,9.6,14.0,21.0,46.0,21.0,0.0,73.0,3.8,2.0,204.0,203.0,3.3,2.9
135,29.0,1.6,0.28,0.12,2.6,8.2,11.0,24.0,31.0,8.0,0.0,65.0,4.1,1.7,55.0,34.0,1.6,0.8
136,30.0,1.6,0.38,0.2,2.4,8.6,11.0,47.0,60.0,29.0,0.0,72.0,2.7,1.8,7.7,318.0,1.4,0.6
137,32.0,1.6,0.36,0.18,2.1,9.4,11.0,44.0,48.0,24.0,0.0,56.0,2.6,1.8,198.0,196.0,2.1,2.0
138,29.0,1.5,0.17,0.04,2.4,4.0,6.4,21.0,33.0,15.0,0.0,71.0,2.1,1.6,59.0,65.0,2.1,1.2
139,29.0,1.5,0.26,0.12,2.2,4.7,6.9,30.0,39.0,15.0,0.0,77.0,2.9,1.7,204.0,193.0,2.6,2.6
140,30.0,1.6,0.22,0.04,2.1,5.3,7.4,34.0,27.0,11.0,0.0,72.0,2.6,1.6,181.0,184.0,3.8,3.8
141,30.0,1.6,0.33,0.33,2.4,6.8,9.2,37.0,21.0,13.0,0.0,65.0,3.0,2.0,195.0,198.0,5.2,4.4
142,30.0,1.6,0.32,0.1,3.5,6.9,10.0,29.0,30.0,20.0,0.0,70.0,3.3,1.7,199.0,203.0,4.6,3.9
143,28.0,1.6,0.36,0.44,3.0,9.4,12.0,23.0,33.0,3.0,0.0,83.0,3.8,2.1,202.0,208.0,2.8,2.8
144,26.0,1.6,0.19,0.1,1.7,6.6,8.3,22.0,21.0,14.0,0.8,91.0,2.1,1.7,46.0,58.0,1.6,0.6
145,28.0,1.6,0.3,0.08,4.0,8.1,12.0,21.0,34.0,9.0,0.0,78.0,2.9,1.7,177.0,151.0,1.7,1.7
146,29.0,1.6,0.31,0.28,3.1,7.1,10.0,33.0,27.0,21.0,0.0,78.0,3.8,1.9,208.0,207.0,2.1,1.7
147,30.0,1.6,0.24,0.28,2.3,5.8,8.0,26.0,31.0,6.0,0.0,72.0,3.6,1.9,200.0,194.0,3.6,3.6
148,29.0,1.6,0.22,0.34,2.0,3.2,5.2,22.0,25.0,7.0,0.0,75.0,3.3,1.9,193.0,197.0,4.7,3.8
149,28.0,1.6,0.24,0.05,3.4,2.8,6.2,22.0,10.0,8.0,0.0,78.0,2.0,1.7,185.0,196.0,3.4,3.6
150,27.0,1.7,0.22,0.19,2.9,5.5,8.4,21.0,19.0,7.0,0.0,83.0,3.0,1.8,192.0,202.0,4.3,3.2
151,27.0,1.6,0.28,0.22,4.0,5.4,9.4,19.0,21.0,6.0,0.0,81.0,2.3,1.9,181.0,193.0,3.6,1.9
152,27.0,1.6,0.19,0.04,3.5,3.1,6.6,19.0,11.0,2.0,0.0,78.0,3.2,1.7,185.0,187.0,4.7,4.6
153,29.0,1.6,0.16,0.14,2.7,3.1,5.7,22.0,23.0,4.0,0.0,66.0,2.8,1.8,190.0,193.0,6.4,5.6
154,28.0,1.6,0.3,0.25,3.0,6.2,9.2,24.0,49.0,11.0,0.0,72.0,2.5,1.9,195.0,196.0,4.7,4.5
155,29.0,1.6,0.24,0.25,3.1,4.8,7.9,22.0,39.0,7.0,0.0,71.0,3.4,1.9,192.0,194.0,4.2,2.9
156,28.0,1.6,0.28,0.13,2.9,5.6,8.5,23.0,15.0,14.0,0.0,74.0,5.5,1.7,190.0,194.0,4.1,3.3
157,28.0,1.6,0.31,0.09,6.3,11.0,17.0,10.0,55.0,10.0,0.0,74.0,5.0,1.7,316.0,1.7,1.3,0.9
158,27.0,1.6,0.3,0.18,3.8,6.2,10.0,20.0,23.0,5.0,0.0,74.0,2.7,1.8,208.0,213.0,3.1,1.4
159,27.0,1.7,0.18,0.07,3.6,4.8,8.3,13.0,11.0,8.0,0.0,70.0,2.2,1.7,182.0,194.0,4.1,2.9
160,28.0,1.6,0.38,0.07,8.4,12.0,20.0,17.0,25.0,18.0,0.0,62.0,6.2,1.7,65.0,50.0,1.6,1.2
161,28.0,1.6,0.28,0.39,1.1,8.6,9.7,31.0,28.0,24.0,0.0,72.0,3.9,2.0,194.0,198.0,2.8,2.3
162,28.0,1.7,0.47,0.31,3.8,13.0,17.0,29.0,52.0,18.0,0.0,70.0,2.2,2.0,200.0,192.0,3.8,3.3
163,28.0,1.7,0.39,0.17,4.1,12.0,17.0,21.0,39.0,11.0,0.0,68.0,7.3,1.8,352.0,307.0,2.3,0.7
164,28.0,1.7,0.34,0.21,3.4,8.6,12.0,29.0,42.0,11.0,0.0,64.0,1.7,1.9,21.0,60.0,1.7,0.8
165,29.0,1.7,0.42,0.24,1.9,8.4,10.0,42.0,42.0,22.0,0.0,70.0,3.8,1.9,212.0,219.0,1.6,1.1
166,28.0,1.6,0.22,0.05,1.3,3.8,5.2,38.0,21.0,18.0,0.0,71.0,2.1,1.7,185.0,187.0,4.0,3.2
167,29.0,1.7,0.31,0.09,2.2,5.7,7.9,34.0,10.0,22.0,0.0,66.0,1.5,1.8,193.0,191.0,2.1,0.9
168,28.0,1.6,0.27,0.17,3.9,8.3,12.0,17.0,28.0,9.0,0.0,77.0,2.1,1.8,209.0,232.0,2.3,1.4
169,28.0,1.7,0.28,0.28,2.5,7.1,9.7,29.0,46.0,11.0,0.0,68.0,2.8,1.9,199.0,171.0,2.1,2.0
170,29.0,1.7,0.33,0.13,3.0,9.6,13.0,33.0,46.0,10.0,0.0,68.0,2.3,1.8,319.0,307.0,1.6,0.7
171,27.0,1.7,0.41,0.19,4.4,12.0,16.0,18.0,42.0,20.0,0.0,89.0,11.0,1.8,183.0,172.0,1.8,1.7
172,28.0,1.6,0.19,0.04,3.3,5.7,9.0,20.0,24.0,7.0,0.0,70.0,2.6,1.7,50.0,349.0,1.8,1.2
173,28.0,1.7,0.31,0.12,3.1,7.5,11.0,23.0,10.0,8.0,0.0,77.0,3.2,1.8,214.0,213.0,2.8,2.1
174,30.0,1.7,0.44,0.26,2.5,10.0,13.0,45.0,71.0,19.0,0.0,70.0,9.9,2.0,190.0,195.0,3.2,2.7
175,31.0,1.6,0.31,0.11,1.8,9.0,11.0,35.0,41.0,21.0,0.0,62.0,4.1,1.7,190.0,220.0,2.2,1.0
176,29.0,1.6,0.37,0.13,6.2,13.0,19.0,23.0,45.0,18.0,0.0,67.0,3.6,1.8,345.0,301.0,1.0,0.5
177,29.0,1.6,0.29,0.12,3.6,6.5,10.0,28.0,48.0,25.0,0.0,64.0,1.8,1.7,321.0,285.0,1.7,1.0
178,29.0,1.7,0.39,0.23,3.5,10.0,14.0,32.0,46.0,30.0,0.0,67.0,3.7,1.9,359.0,342.0,1.2,0.6
179,28.0,1.7,0.45,0.17,8.5,27.0,35.0,21.0,67.0,35.0,0.0,74.0,16.0,1.9,333.0,310.0,2.4,0.8
180,28.0,1.8,0.46,0.16,2.8,13.0,16.0,26.0,64.0,33.0,0.0,66.0,5.8,1.9,328.0,314.0,1.5,0.8
181,28.0,1.8,0.49,0.16,6.1,14.0,20.0,20.0,44.0,16.0,0.0,62.0,4.1,1.9,319.0,13.0,1.5,1.1
182,26.0,1.7,0.29,0.07,1.4,6.1,7.5,33.0,39.0,7.0,0.0,57.0,1.9,1.8,50.0,13.0,1.9,1.0
183,24.0,1.7,0.21,0.03,0.9,4.2,5.1,49.0,44.0,24.0,0.0,46.0,1.6,1.7,56.0,59.0,2.8,3.0
184,24.0,1.7,0.21,0.03,0.4,4.7,5.1,47.0,31.0,2.0,0.0,57.0,1.4,1.7,58.0,65.0,2.7,2.8
185,25.0,1.7,0.27,0.04,1.6,6.4,8.0,50.0,65.0,24.0,0.0,49.0,1.4,1.8,59.0,55.0,2.7,2.2
186,24.0,1.7,0.27,0.05,1.9,5.8,7.8,46.0,29.0,26.0,0.0,46.0,1.6,1.7,86.0,94.0,2.5,1.5
187,25.0,1.7,0.54,0.28,6.7,18.0,25.0,24.0,41.0,13.0,0.0,50.0,2.6,2.0,6.4,334.0,2.1,0.6
188,26.0,1.7,0.29,0.11,2.6,8.2,11.0,28.0,27.0,8.0,0.0,46.0,2.3,1.8,64.0,95.0,2.1,1.1
189,28.0,1.7,0.14,0.05,1.2,3.8,4.9,29.0,34.0,11.0,0.0,60.0,2.1,1.7,47.0,64.0,3.3,1.8
190,24.0,1.7,0.15,0.03,1.2,5.0,6.2,37.0,40.0,10.0,0.0,75.0,1.7,1.7,82.0,99.0,4.4,2.8
191,25.0,1.7,0.16,0.02,0.9,2.4,3.3,42.0,28.0,16.0,0.0,60.0,1.6,1.7,64.0,87.0,2.8,1.3
192,25.0,1.7,0.25,0.07,1.5,4.2,5.7,49.0,30.0,18.0,0.0,39.0,1.9,1.8,57.0,57.0,3.0,2.6
193,24.0,1.7,0.28,0.1,1.3,7.4,8.7,37.0,30.0,14.0,0.0,42.0,1.5,1.8,49.0,53.0,2.1,0.8
194,23.0,1.7,0.26,0.1,0.9,4.3,5.2,43.0,32.0,20.0,0.0,43.0,1.9,1.8,56.0,321.0,1.8,1.0
195,23.0,1.7,0.52,0.17,4.8,16.0,21.0,34.0,52.0,25.0,0.0,55.0,1.4,1.9,358.0,341.0,1.9,0.5
196,26.0,1.8,0.84,0.36,5.2,25.0,30.0,45.0,66.0,36.0,0.0,49.0,11.0,2.2,267.0,198.0,1.5,0.2
197,24.0,2.0,1.04,0.53,5.3,31.0,36.0,41.0,65.0,42.0,0.0,67.0,4.6,2.5,203.0,206.0,2.3,1.2
198,25.0,1.7,0.39,0.1,2.7,8.8,11.0,42.0,54.0,36.0,0.0,57.0,1.7,1.8,1.4,325.0,2.3,0.7
199,25.0,1.7,0.45,0.12,2.7,9.9,13.0,40.0,40.0,18.0,0.0,55.0,4.4,1.8,49.0,55.0,1.8,0.8
200,24.0,1.8,0.74,0.25,2.9,23.0,26.0,38.0,76.0,58.0,0.0,77.0,4.2,2.1,32.0,47.0,1.6,0.4
201,25.0,1.7,0.36,0.09,1.7,6.4,8.1,51.0,66.0,33.0,0.0,67.0,1.2,1.8,59.0,52.0,2.0,1.6
202,20.0,1.7,0.31,0.05,0.8,5.6,6.4,45.0,43.0,6.0,0.0,61.0,1.5,1.8,55.0,53.0,3.9,3.8
203,21.0,1.8,0.43,0.17,3.7,14.0,17.0,24.0,36.0,13.0,0.0,62.0,1.7,1.9,56.0,19.0,1.4,0.8
204,22.0,1.8,0.83,0.36,8.4,24.0,33.0,30.0,59.0,25.0,0.0,66.0,2.5,2.2,268.0,212.0,1.9,0.5
205,23.0,1.8,0.43,0.14,1.4,12.0,13.0,52.0,47.0,26.0,0.0,62.0,1.9,1.9,13.0,349.0,2.0,0.7
206,22.0,1.8,0.62,0.26,4.4,19.0,23.0,35.0,54.0,24.0,0.0,68.0,2.5,2.0,49.0,55.0,1.5,0.9
207,23.0,1.8,0.51,0.15,1.7,14.0,16.0,44.0,53.0,33.0,0.0,67.0,2.8,1.9,65.0,40.0,0.9,0.7
208,21.0,1.7,0.24,0.05,1.5,6.0,7.4,33.0,20.0,1.0,0.0,85.0,1.3,1.8,51.0,6.4,1.3,0.6
209,22.0,1.7,0.41,0.16,6.0,11.0,17.0,19.0,20.0,4.0,0.0,59.0,1.9,1.9,72.0,239.0,1.1,0.6
210,22.0,1.8,1.2,0.57,6.4,32.0,38.0,28.0,43.0,12.0,0.0,73.0,3.2,2.4,225.0,162.0,1.0,0.5
211,21.0,1.7,0.39,0.14,6.5,13.0,19.0,18.0,47.0,4.0,0.0,69.0,1.5,1.8,71.0,91.0,1.9,1.1
212,19.0,1.7,0.48,0.08,1.3,6.0,7.3,42.0,51.0,10.0,0.0,74.0,1.4,1.8,65.0,72.0,2.9,2.3
213,20.0,1.7,0.75,0.3,24.0,19.0,43.0,4.8,31.0,12.0,0.0,82.0,3.2,2.0,28.0,46.0,1.2,0.4
214,21.0,1.8,1.0,0.43,16.0,24.0,41.0,12.0,24.0,4.0,0.0,76.0,3.7,2.2,228.0,206.0,1.2,0.6
215,21.0,1.6,0.2,0.03,1.7,4.9,6.6,33.0,25.0,23.0,0.0,73.0,1.5,1.7,53.0,55.0,1.6,1.5
216,20.0,1.7,0.23,0.07,1.6,6.1,7.7,32.0,25.0,-1.0,0.0,79.0,1.6,1.7,34.0,76.0,2.4,0.4
217,19.0,1.7,0.37,0.06,1.4,4.8,6.3,42.0,28.0,47.0,0.0,68.0,1.2,1.8,59.0,58.0,3.0,2.2
218,20.0,1.8,0.93,0.42,13.0,25.0,38.0,11.0,45.0,8.0,0.0,68.0,3.7,2.2,21.0,338.0,0.8,0.2
219,19.0,1.7,0.4,0.16,8.8,15.0,24.0,15.0,20.0,25.0,0.0,70.0,1.0,1.8,57.0,49.0,1.7,1.3
220,19.0,1.8,0.68,0.15,3.5,11.0,14.0,14.0,18.0,0.0,0.0,78.0,1.3,2.0,55.0,335.0,2.5,0.8
221,14.0,1.7,0.53,0.11,3.1,12.0,15.0,17.0,12.0,14.0,0.0,86.0,1.3,1.9,74.0,92.0,2.3,1.2
222,18.0,1.9,0.99,0.39,27.0,27.0,53.0,5.6,26.0,13.0,0.0,81.0,4.5,2.3,46.0,33.0,1.0,0.5
223,14.0,-0.2,0.45,0.02,3.0,14.0,17.0,17.0,8.0,0.0,0.2,86.0,0.1,-0.2,63.0,298.0,2.2,1.7
224,12.0,1.7,0.31,0.05,1.9,5.1,7.0,27.0,32.0,27.0,0.0,66.0,0.1,1.8,62.0,75.0,2.2,2.2
225,13.0,1.7,0.39,0.12,5.3,12.0,18.0,20.0,14.0,2.0,0.0,61.0,2.2,1.8,61.0,61.0,1.9,1.2
226,16.0,1.8,0.89,0.4,14.0,22.0,36.0,9.5,3.0,0.0,0.0,71.0,2.5,2.2,45.0,36.0,1.1,0.8
227,16.0,1.7,0.24,0.04,2.8,6.9,9.7,30.0,34.0,23.0,0.0,78.0,0.7,1.7,54.0,52.0,3.2,2.7
228,17.0,1.8,0.54,0.18,5.3,16.0,21.0,21.0,7.0,3.0,0.0,75.0,2.3,1.9,47.0,52.0,1.9,1.0
229,19.0,1.7,0.55,0.22,6.0,18.0,24.0,25.0,22.0,6.0,0.0,77.0,2.0,1.9,74.0,58.0,2.1,1.6
230,19.0,1.7,0.27,0.09,2.3,8.4,11.0,21.0,13.0,1.0,0.0,82.0,0.7,1.8,75.0,69.0,2.6,1.4
231,14.0,1.8,0.44,0.11,1.2,9.3,11.0,23.0,15.0,3.0,0.0,81.0,0.5,1.9,82.0,91.0,2.7,1.3
232,13.0,1.7,0.35,0.06,1.4,5.7,7.0,28.0,64.0,23.0,0.0,61.0,2.9,1.8,67.0,57.0,3.5,2.6
233,16.0,1.8,0.45,0.11,3.1,11.0,14.0,26.0,40.0,17.0,0.0,66.0,2.0,1.9,49.0,33.0,1.1,0.7
234,18.0,1.8,0.69,0.24,11.0,24.0,34.0,16.0,55.0,31.0,0.0,68.0,3.3,2.0,49.0,72.0,1.3,0.6
235,15.0,1.8,0.35,0.1,1.8,9.9,12.0,26.0,32.0,16.0,0.0,74.0,2.3,1.9,89.0,93.0,3.3,1.6
236,10.0,1.8,0.34,0.06,2.5,6.8,9.3,29.0,54.0,21.0,0.0,51.0,5.5,1.8,61.0,61.0,4.9,4.0
237,12.0,1.8,0.65,0.35,18.0,24.0,43.0,6.8,36.0,14.0,0.0,62.0,4.8,2.1,54.0,52.0,0.9,0.6
238,15.0,1.8,0.98,0.45,22.0,33.0,55.0,6.5,44.0,17.0,0.0,69.0,5.0,2.3,31.0,100.0,2.1,0.5
239,14.0,1.7,0.2,0.09,1.4,7.6,9.0,27.0,17.0,2.0,0.0,81.0,2.0,1.8,66.0,106.0,2.8,2.0
